name,surname
Jake,Smith
Connor,Jones
Callum,Williams
Jacob,Brown
Kyle,Taylor
Joe, Davies
Reece, Wilson
Rhys,Evans
Charlie,Thomas
Damian,Roberts
Oliver,Murphy
Jack,O'Kelly
Harry,O'Sullivan
Jacob,Walsh
Charlie,Smith
Thomas,O'Brien
George,Byrne
Oscar,O'Ryan
James,O'Connor
William,O'Neill
Noah,Smith
Liam,Johnson
Mason,Williams
Jacob,Brown
William,Jones
Ethan,Miller
Michael,Davis
Alexander,Garcia
James,Rodriguez
Daniel,Wilson
James,Smith
John,Jones
Robert,Williams
Michael,Brown
William,Wilson
Margaret,Taylor
Samantha,Morton
Bethany,White
Elizabeth,Martin
Joanne,Anderson
Megan,Li
Victoria,Smith
Lauren,Lam
Michelle,Martin
Tracy,Gelbero
Emma,Roy
Olivia,Tremblay
Sophia,Lee
Isabella,Gagnon
Ava,Wilson
Mia,Smith
Emily,Wilson
Abigail,Williams
Madison,Brown
Charlotte,Taylor
Amelia,Jones
Olivia,Singh
Isla,Wang
Emily,Smith
Poppy,Jones
Ava,Williams
Isabella,Brown
Jessica,Wilson
Lily,Taylor
Sophie,Morton



